,sentiment
B081TVVM16,0.33271764705882356
B01CCWR3OO,0.7765
B07PC4ZTGB,0.5166552631578947
B079T97FNX,0.34821111111111114
B01DJJ6IQI,0.563075
B08YXLLM7R,0.20559727891156468
B092SXJCZC,0.47285652173913045
B07Y7D1PFQ,0.17228936170212766
B093W2H281,0.47079999999999994
B01ASDYQQC,0.7230137499999997
B071NNLLJ8,0.3819937499999999
B0BNWCSPNJ,0.15563125
B06XFVDSXK,0.4089214285714286
B0BH6HVCL7,0.92546
B0BSLW75F4,0.35638076923076933
B01MSARE4D,0.7271222222222222
B06XK2GNBD,0.5103545454545454
B07B9MB888,0.3587522727272728
B07B2KHPRF,0.56095
B08N1LJ326,0.6367999999999999
B08WKLSKB3,0.3485226415094338
B01890VGP0,0.5172800000000001
B07RC9FWLN,0.707996551724138
B073L42VMD,0.38464615384615386
B096R5QZHV,0.2157239436619718
B07BSJG8F5,0.7128736842105262
B07V6618RV,0.264036
B07CZN476C,0.663575
B01DOP9S2S,0.10818749999999998
B07T1F3RTQ,0.500511111111111
B0BFJWX474,0.519175
B07NP52Y1F,0.4156965517241377
B07K17VRP7,0.309376
B0BDC9GP64,0.5206692307692307
B07XJLKVQ7,0.6329153846153847
B0BHTPFH93,0.3381937499999999
B08W6JCTLX,0.5162375
B075454DKN,0.47774375
B094YS75WH,0.513746551724138
B0965BVZLG,0.2886281250000001
B01BWDG62E,0.20296923076923076
B015NSJ11W,0.2988417682926827
B0BVV1BTYK,0.6142000000000001
B07J33KC69,0.6865769230769231
B01A26V4NS,0.7531
B0716J5ZSX,0.6821081081081082
B0BZ4ZVMCL,0.43421975308641975
B07CK3CPF5,0.6321666666666667
B0841BJRVM,0.4175157894736842
B07D645HM4,0.3805
B09C129PT4,0.4490428571428572
B0779MS18Z,0.46065500000000004
B07R114HCF,0.31745853658536594
B073V7FQNN,0.7008133333333333
B015DTI1OY,0.4671861538461539
B0BNPB4CWL,0.39836499999999997
B075S1DTM1,0.7680562499999999
B01MFCAPRZ,0.7231
B099419MFJ,0.35562444444444447
B074SZ8D1M,0.5073225806451611
B0B2JQYG1V,0.13478918918918917
B09K4L3SFR,0.29746666666666666
B07N1WNBB3,0.3083333333333333
B07F6SH4H1,0.42718181818181816
B01DWS4V5G,0.8829499999999999
B0CBPD8LQL,0.7593833333333334
B071K9HFY7,0.4898846153846155
B07K6W4XV6,0.61248
B077CT6LNT,0.4562758620689655
B09DHMVYKN,0.5238923076923077
B01MTIF8CX,0.7089000000000001
B01N0Y9BGX,0.6422541666666669
B0BP8C2RS1,0.5305764705882353
B07C87FGRS,0.7585444444444445
B0B6SW7BNP,0.20525714285714286
B078PYR2GL,0.3412062500000001
B0757468NZ,0.35967142857142853
B081CQD53M,0.38695714285714283
B07W3PB7DX,0.5001818181818181
B08L6TPM3F,0.44572105263157896
B09885YM98,0.45131428571428567
B09GK2JJDZ,0.49666501650164985
B09R94X96M,0.6893176470588235
B01FNEH686,0.5253694444444444
B08TRPXHLT,0.4729780487804877
B01DLDD98M,0.89604
B077J2BF57,0.7851409090909093
B018ZM27YQ,0.34109411764705877
B083QQ6DPG,0.5857142857142856
B09BG3Y997,0.6731
B09FTLGNKH,0.4507307692307692
B0797YSYFR,0.7849
B019DWJL1Y,0.33901034482758624
B09VDVXVLY,0.8716071428571429
B01JFF1MFM,0.5212319999999999
B09LGHQHSD,0.5615
B08L3PZ8PH,0.20957777777777778
B0732NXJ36,0.4534545454545455
B01LVXHF5B,0.5413272727272728
B01MFFDJNU,0.6183307692307694
B07NGJ8FMR,0.6552055555555555
B076CYCZBT,0.40638695652173906
B07BNXCRFN,0.650075
B0186REUAO,0.6149103448275863
B0BHF8QL27,0.7353705882352941
B0BKTNL28N,0.43022727272727274
B093NKDQWP,0.40237272727272727
B079G93TK3,0.6131
B09QMQDRWG,0.6134961538461539
B01FXU33D2,0.48210000000000003
B0BLTGBZVG,0.40225999999999995
B09RHMFYTT,0.6350736842105263
B099KW6S1C,0.2997460317460317
B09LZ52XZ5,0.63104
B07KDXCZZB,0.5242684210526317
B07D6ZKTM1,0.4343814814814814
B07Q6KZVP8,0.5079687500000001
B07F5ZDSPZ,0.5880090909090909
B01BOC8428,0.2800925925925926
B077H9QGG4,0.4760596153846154
B019YBBV2G,0.2819166666666667
B0B71PDRPK,0.21686440677966104
B016NI6SEY,0.624375
B0BHXRF8R1,0.4747653846153846
B0C46MHCFK,0.41673870967741933
B07L6SSJ2Z,0.848125
B095N7PZHX,0.6326863636363637
B07HYBYNBB,0.7162000000000001
B086Z642WC,0.4390181818181818
B07NF5VB1H,0.2210911764705882
B0B25SVJLQ,0.3289466666666667
B019UP5YZ6,0.6382999999999999
B09CV94TS7,0.3835535999999998
B0B7CP9ZWM,0.6070435897435896
B097M67HPM,0.29475454545454544
B01DTF0MLY,0.4626066666666667
B0BPF9BLN1,0.264023880597015
B019ZS52PA,0.3487333333333333
B0BZK6R7M7,0.6340428571428571
B07PF1Q485,0.5894027027027028
B07YNT8YXV,0.5053799999999999
B0BLP8235P,0.556
B0C48B1TR1,0.5009742857142857
B0788W42R1,0.8502500000000001
B097YZ2JCM,0.7748285714285714
B09RKJW7DT,0.43824666666666673
B015YI5I40,0.48949166666666666
B0165VFT8K,0.49497
B0160DCSQ4,0.28455
B01M8K2GJU,0.573607894736842
B0B1YZM7CV,0.25281000000000003
B09J36QZQN,0.6564
B016CEAEMG,0.2392065217391304
B016EGINY8,0.40614799999999995
B01DLCWLWI,0.6378384615384617
B01KNXTEYG,0.59895
B07K7QNTRZ,0.46068076923076917
B06XTG1TBM,0.6211461538461538
B0BL4198Y8,0.5624999999999999
B077KFV936,0.386325
B092X127WM,0.39251578947368426
B015LOH854,0.3327382812499998
B0BYWFV8B6,0.42510769230769235
B08GLN9C5Z,0.15292608695652168
B081732LNJ,0.4657072463768114
B07K7T1G72,0.45525161290322586
B0BN4DZJ3K,0.5325820512820512
B07SZ9VCFJ,0.5571757575757577
B0BFJXM2LY,0.39666
B07N1WNJF7,0.5548428571428571
B096SGYJZR,0.30488333333333334
B07QPXSP8R,0.3233833333333333
B085HM6M2B,0.5012666666666666
B08QV7PHXL,0.35995000000000005
B01B6DF5WW,0.6341983606557375
B0768779JZ,0.31621
B096DL33JR,0.41814375000000004
B01LX8OFNL,0.5980437499999999
B073Q8M5V7,0.31742916666666665
B01LIWABZW,0.3814470588235294
B08CNNQMGP,0.45999999999999996
B09LTY5WN2,0.48166551724137935
B01M1AV39X,0.42050555555555547
B015OT2YZ0,0.7924833333333333
B093DY68LR,0.5941333333333333
B01EXUSFR2,0.63794
B092MPC6PL,0.6178166666666667
B06WP5R8BX,0.7162
B01N5H6OTW,0.7336499999999999
B07C7RDN8Q,0.4183800000000001
B01M333BMQ,0.5618666666666666
B081BCQH1S,0.47143529411764706
B07R3DSCY1,0.5162882352941177
B09TDLSJZX,0.4826666666666667
B01NB1EYLH,0.5895636363636364
B093CWYVW6,0.5796142857142856
B07GL72R14,0.78776
B084L7PP35,0.21375625000000004
B07CZ7MJZD,0.36846000000000007
B0BKR6ZWGY,0.7125444444444445
B07Q17GJKV,0.31679999999999997
B09DK2YGPF,0.3022857142857142
B017DWIBLC,0.6015230769230769
B07KR6GF9J,0.6511000000000001
B07FTKJKWK,0.562616
B07N31THXJ,0.8047375
B01B8TAYAM,0.324650909090909
B017WYJZMK,0.7167222222222223
B0BGRQM3W6,0.6150888888888889
B094HLMQ8B,0.4487350000000001
B07CG6GGX7,0.6892333333333335
B08VYMX9NG,0.537775
B01LLZ5TDU,0.5731
B079HT7VL4,0.373375
B07TGFK77Y,0.6092
B01IP0DXGE,0.4936818181818181
B093YTKGXM,0.44500476190476185
B07PGR2G13,0.4193627737226277
B01GCT31PS,0.35966923076923074
B0B94QCWRJ,0.46482500000000004
B017QJ6KBU,0.26123846153846153
B07HHPV9M9,0.5020714285714286
B081W4K3LH,0.5440200000000001
B01CCWNZ7S,0.73498
B088Q19WW9,0.32993846153846157
B0C2LMPBT3,0.5260444444444444
B01FSXCHUY,0.4562777777777777
B01M7473IT,0.60901875
B082G64DRQ,0.6417529411764706
B01FT6QY4U,0.5518326530612246
B072HLCMP4,0.5784956521739131
B01N5SVHUU,0.23918973509933764
B07Q8FFF6R,0.32158260869565214
B09KXDBN6X,0.39366666666666666
B01BJ9WCJ2,0.7012714285714285
B0BT94XDZM,0.7298
B093C8T271,0.311519512195122
B0BTSSZZTM,0.6523285714285715
B01BAULTNU,0.49293999999999993
B01MT8NQIU,0.5195571428571428
B078YZW79X,0.6808500000000002
B0BTTYC6YZ,0.40974565217391307
B091DBVC8H,0.3938600000000001
B0C3ML9T7F,0.37796204379562043
B077TXLR8F,0.5493448275862068
B0BLP9FG2L,0.6375125
B0773CHNVB,0.7930499999999999
B071ZMDK26,0.40336538461538457
B09THLCKL3,0.29
B07NLH8WPJ,0.66674
B07BR6JFYT,0.5405
B018OITCBW,0.6398333333333333
B071HJ3GDH,0.8586499999999999
B0BK6TSHKP,0.4724642857142857
B06XD6ZXYF,0.53971
B019TQUGM2,0.37576271186440674
B0C6DNS2LF,0.5159190476190476
B07QGW8NPH,0.7827625
B076J5C2C9,0.479821875
B07MJ2BKT6,0.3848666666666667
B0826BRMG7,0.31388571428571427
B0BL7ZVKLK,0.6249542372881356
B07BLK2C3N,0.5013264705882352
B0784KTKVG,0.3541285714285714
B074YLTN3P,0.554757142857143
B0BFFZFNS3,0.6728388888888888
B078PXLRLG,0.38040476190476186
B07QB1M1M4,0.490795
B0BGYP6N95,0.4829333333333333
B01B41DESS,0.4688166666666668
B01G28PNF0,0.41596896551724144
B07BXQZDS7,0.49298260869565225
B0B3SGMP6S,0.5911428571428571
B07H5T2QH6,0.5198576923076922
B07358Q84V,0.777675
B018OQP78Q,0.7808
B07G3G2WGL,0.7216888888888888
B07GJXDC4F,0.6530782608695652
B015GAKXT6,0.32961052631578946
B07NWX7WPB,0.6541142857142856
B09ZT9RRZW,0.504993023255814
B0C4N4KG89,0.36266666666666675
B0952DLDVC,0.5246545454545455
B015OTURE0,0.5825232142857141
B01ERXZSJS,0.481025641025641
B07BZBC211,0.56352
B01CLQTHMW,0.5023545454545455
B07PH13TR1,0.40046400000000004
B07JZPFGB1,0.44447857142857145
B085X2RXMD,0.5057055555555556
B01N4GETO3,0.5553066666666667
B01CO9OY8S,0.32935192307692307
B0719PLL6L,0.38252500000000006
B0C46LLQXQ,0.54823
B0BTYF6YMG,0.1634463414634146
B01M09KHNG,0.630675
B0BQCR1KB3,0.6852199999999999
B01NACOBA8,0.6847176470588235
B07C5CV85P,0.4926021739130437
B09G3JM674,0.5964714285714285
B07N8FM32Q,0.10052105263157894
B016P7SKYO,0.3900800000000001
B0C7LQNLBL,0.54032
B01GBTDMGC,0.6547166666666667
B01JZXL1K0,0.43695555555555565
B079M2NPZS,0.635288888888889
B07CR4F9T7,0.5276227272727273
B09FP3WKNB,0.4226826666666667
B0BMZ4GF1Q,0.15599333333333334
B07V5S8288,0.19362777777777776
B07NZWYD7T,0.5827966666666666
B0BCDSFS59,0.2540571428571428
B07R26MP91,0.5579444444444444
B01BUDC7N8,0.6653888888888889
B076QHLC45,0.54580625
B01I2E4ZDS,0.3152070422535211
B0BJRRSFCJ,0.7241291666666668
B07VGLC8S1,0.4507714285714286
B0C4D2GT89,0.6937000000000001
B0BFT7V44M,0.6147714285714285
B07J63FDRW,0.39838333333333326
B018ZIWM6S,0.3919114285714286
B0BLT9JCGQ,0.6513
B09CVWX6N5,0.40763846153846167
B07MSDR4JV,0.36938333333333323
B074R7BSN2,0.4658166666666667
B08XPHKMVM,0.1959936363636364
B01ELTQSP6,0.4302857142857142
B09H8YS6MQ,0.55046875
B0BGYMZS2N,0.5573347826086955
B07L2M3B7S,0.829475
B01GU272AC,0.4619
B01BDLY9J2,0.3949564102564103
B07JFD8CZQ,0.4393230769230769
B07GZZKT25,0.58023
B09S2ZM593,0.71519
B01BIBGPPI,0.45069499999999996
B07P9SVDGB,0.49861000000000005
B0BTX2X93V,0.307262962962963
B0BFN295XN,0.5925
B083XS7PL9,0.8015375
B0B281RH1G,0.45738750000000006
B0181KSOPI,0.524
B015X4Y9WM,0.6036071428571429
B077ZFRZCK,0.6224571428571428
B06XDV54H2,0.41177058823529417
B083Q2N1KQ,0.3978989169675087
B0BVY83TG3,0.8278166666666666
B0B73WTYT1,0.246044
B09ZVB8GVB,0.34283714285714284
B01M8JK2RM,0.6004823529411765
B09G31NDDP,0.49770000000000003
B084YPJN3Q,0.6007714285714286
B01AGTQT5O,0.6646692307692307
B01NCUM0ZX,0.6667000000000001
B0C5XRX8K9,0.399596875
B094RD11YF,0.5678799999999999
B0828GKZ21,0.3764789473684211
B07MBQ1M5D,0.2730972222222222
B078PTVYXV,0.27995483870967747
B077F73G7J,0.856525
B0C2QKHH1Q,0.27608814432989676
B09CR5QL3B,0.5610235294117647
B01AGVYWZQ,0.6286857142857142
B08LQTB7C9,0.45542666666666665
B07R9W9GRS,0.300175
B0BLCJLZJL,0.35521282051282044
B0BD2MHZHW,0.1821024390243902
B07QG452V6,0.27018333333333333
B09W9NK5TN,0.4984684210526318
B0775GT2CM,0.845
B0BGYPNMTY,0.2799357142857143
B0B9FY33KQ,0.6838222222222222
B07SGYMWX4,0.5643222222222223
B0C3YM122T,0.3905
B09J3FPTDV,0.36966803278688515
B01CO95AY0,0.23559629629629628
B075KMV7SF,0.5018636363636363
B0BZ1426LV,0.5526888888888889
B0BJ1DDL45,0.675409090909091
B09JGLDH74,0.43998499999999996
B09SKC95GK,0.5109333333333332
B07MDXL64W,0.51949
B0C5BNCPS8,0.19076382978723408
B07PP83K9Q,0.672222222222222
B072F1CZR4,0.42800200000000005
B0BGYWFT76,0.3734058823529412
B01JAIK7SW,0.59535
B073Z4FWYZ,0.7717
B01FT0GAYA,0.35608125
B017QGGHTI,0.428525
B099WMBDF5,0.4451739130434783
B07K1JQ6NW,0.5310699999999999
B0162IDN8E,0.5138238095238096
B01LXUTUAV,0.5042105263157894
B072LHFRGZ,0.4161714285714286
B095YQY3HS,0.2757269230769231
B07S8R2SGG,0.3651666666666667
B0B2PDQLXG,0.44974193548387087
B0BN8T9NSF,0.3194179104477612
B0BT88YVBN,0.7415833333333334
B09FCRSSYP,0.7337833333333333
B0764MFNDL,0.6441000000000001
B06XS774G2,0.7630833333333333
B01FSZ0Z8S,0.39986190476190475
B01GKDN4Z8,0.29562499999999997
B07WZ5DYCC,0.4635554621848741
B06XPQN1YN,0.6734249999999999
B09T9HB26Q,0.6236466666666668
B08FGG9XJS,0.7252333333333333
B0B6SXFGS7,0.13844754098360654
B084D1F9YD,0.7019
B09YYFYWNT,0.34597096774193553
B093Z8X12Y,0.412809677419355
B09YMT34GH,0.6837857142857143
B074TCR388,0.5865722222222223
B07ZS2JN9T,0.6346875
B01MQJOIEO,0.7900749999999999
B07Y7KLCH6,0.41781212121212136
B07KBV5VKJ,0.5433583333333333
B015NCYYMO,0.3690142857142858
B08PTW6922,0.4729884057971014
B07RD414P4,0.3598899159663867
B01MDSCS5C,0.5767230769230769
B019MF31NQ,0.40986666666666666
B076MDS7MR,0.5456125
B01DZK1UA0,0.5219214285714286
B01FT98CB0,0.5529200000000001
B0B6WTPL8C,0.44698108108108114
B01G29HQ8G,0.3193993865030674
B076YMTN5W,0.2930833333333333
B092MRXWV9,0.4779413793103448
B07YMMV69T,0.27267222222222226
B01FKQKGY8,0.5130968750000002
B07MCDWMG3,0.4535076923076924
B01G9AXP88,0.8718
B07PFY13LZ,0.5818499999999999
B01DGTPVZA,0.853975
B07QYXJPWP,0.3936875
B094HLF73B,0.4862015384615384
B07PQYBLDW,0.2497125
B0BFG3DXJH,0.24961666666666668
B01LBE9FBS,0.5681428571428572
B0CC8ZC5GW,0.8121666666666667
B077PWF6MW,0.602807142857143
B07FPMQ7D9,0.7284999999999999
B01FLNPLYK,0.586188888888889
B07G9NMNYG,0.41395624999999997
B016ATCGVU,0.747625
B08PF2QZD3,0.5924578947368421
B07JQWCMQ1,0.1840933333333333
B07M7YGJCK,0.5204909090909091
B07JMV2HR3,0.5045000000000001
B07W79B5MT,0.3880823529411765
B01C7XWWJY,0.56358
B0B87NCR8B,0.80155
B08Z4BFNH7,0.47723333333333334
B015OSHP3W,0.33471875
B079DC936B,0.5973791666666665
B01KGGK0Z2,0.20370000000000005
B01LYC1YAZ,0.42705000000000004
B08XJLQST2,0.6092346153846154
B07G3JWTKW,0.8049166666666667
B01N3VEG0X,0.25498679245283007
B07MQBCGCS,0.5297000000000001
B089P27L6Z,0.7596
B09FFP27KM,0.6574428571428571
B08XXW5NCF,0.32503902439024385
B09FY95SX8,0.44585652173913043
B01M7XCUNS,0.9169
B015UOU11I,0.5524888888888888
B08YK1H88V,0.30625697674418606
B074XGL7BS,0.5882941176470589
B07MK3MK2R,0.4265692307692307
B07NJ54HZY,0.65746
B06Y4FYM7M,0.5497235294117648
B0BFJWQ4YX,0.4972535714285714
B07FTL16K3,0.4251392857142856
B09HRYVCVT,0.5264307692307693
B0BDXZZG84,0.8092125
B01I8KSNLG,0.5848857142857142
B0BGY33P5W,0.5492181818181818
B07GDVL6ZG,0.3618333333333334
B01GBEI35M,0.3907875
B0735FJMVY,0.5958740740740739
B07B3P8QMK,0.64755
B0B6S6M965,0.2159941176470588
B015JTXR1K,0.4777152542372882
B01N4KOIRH,0.6262857142857143
B0C4VG4HPP,0.4032381818181819
B07TRX9YPL,0.45430000000000004
B07JLHTX2X,0.5758166666666666
B01LNUZSFM,0.54352
B08V9KDHVY,0.30785555555555566
B01GQV3KSA,0.5152714285714286
B0BQTFWPKQ,0.48966249999999995
B01M1LBZ53,0.3474454545454545
B0BGL27N83,0.5262058823529411
B0756NP2G1,0.6057
B07Z47DKJT,0.6356882352941176
B07MJ7TPJR,0.5052
B01IMKHVCE,0.23075
B01N8R9894,0.5820777777777779
B0190OTOBM,0.2326736842105264
B09MPJ772C,0.49735
B06X9GVXH2,0.6583454545454546
B0BTP1LZBN,0.38352432432432426
B0727T999Q,0.48824333333333336
B06Y23YK73,0.6782692307692308
B09NYHTD3D,0.24754583333333338
B01M5I0LDO,0.81432
B01I7RBNL2,0.5778909090909091
B01MT22WPM,0.8815
B0BMQTFRK7,0.4672105263157895
B07MKY6CLZ,0.5698666666666666
B07K6YH6PG,0.21974999999999997
B095M3D2KM,0.49137000000000003
B0BMRR2LS2,0.35997619047619045
B0C62DX313,0.2249793103448276
B0C2WS76D1,0.52925
B01CEM02EA,0.5812444444444443
B071KHSQWW,0.22758333333333333
B07N12YQ24,0.6413
B09RHNSVRS,0.46731818181818185
B074NB7LSS,0.6169363636363635
B01MRZSEEQ,0.36126250000000004
B01MYEGUCR,0.6027
B07BL3T3JS,0.5838615384615384
B07JBBRNP7,0.5362444444444444
B07GZXYVP5,0.70395
B01BLYUSZA,0.70177
B07D7HVJKH,0.709
B0C3YN1J6L,0.4317769230769231
B06XQ3ML2D,0.6353384615384615
B07P142CL2,0.5341571428571429
B01DWA2066,0.31438571428571427
B071G9CFVH,0.37584615384615383
B07FFH5MT1,0.6661285714285714
B01MXJ1D5N,0.47194210526315783
B018PYJRSI,0.6576333333333333
B07PNYQ1LX,0.57625
B0B6WY77DN,0.782975
B0162FWREI,0.3167
B07NZXMW9N,0.4060000000000001
B01N0Z6HHP,0.6076666666666667
B01BOEN1GU,0.30844166666666667
B093H9BF9G,0.39586
B06VV44YSC,0.6166142857142858
B0C574VVJY,0.5354222222222221
B0BTW57418,0.3807571428571429
B0BZRM9JGS,0.6336
B07SJX7XGG,0.36655
B0B93L6V3C,0.7894384615384614
B08Q4K7VNG,0.4917777777777777
B015SH19GI,0.46480000000000005
B09R62X8G9,0.6618166666666666
B09R8XNPQK,0.8286833333333333
B09V3GJHGN,0.5166583333333333
B01LZMZE32,0.2616136363636363
B0BFH46QZD,0.8127444444444445
B08KPTC83P,0.35598800000000014
B07L2GP3Y6,0.4000700000000001
B09RVFCKK7,0.12373809523809524
B0B6ST816W,0.0991496855345912
B0C2D67BLY,0.38191111111111115
B08J5K9B4M,0.055990000000000026
B01MZA8XPY,0.55435
B09RQR91HW,0.33738
B082FD75N6,0.6041
B0BGMHGTG1,0.5021692307692307
B016IGK5RM,0.4191933333333333
B016B9BCLE,0.360775
B083CYPKVJ,0.4990666666666666
B073WHHY84,0.15005882352941177
B076NF9HYK,0.28878461538461536
B0C57BRWBY,0.3581399999999999
B0BXZVZLR5,0.5950599999999999
B07CLDC856,0.2608190476190477
B07639ZWYS,0.722575
B093C5D76P,0.28556885245901653
B09G2KJ8X9,0.4580606741573034
B016NCROJI,0.3596481481481482
B07KX9217G,0.728311111111111
B07HGJBNPM,0.68805
B07JNH5D1X,0.5851826086956521
B015TLIDPS,0.493325
B07KXDV6YC,0.10624400000000002
B076HRRQLB,0.5208322580645162
B01LWHLSKZ,0.6807100000000001
B0BTT69P6L,0.5512923076923077
B015EZOPQK,0.5869857142857144
B074DQXG98,0.7383000000000001
B08YWXSP21,0.49666666666666665
B017WXKLGU,0.7629090909090909
B017QHU76G,0.8446499999999999
B075ZK2JZN,0.36744
B015X3PQP2,0.4874185185185184
B09TJNL15Z,0.4406645833333333
B01MU1YC3L,0.2642076923076923
B075CS4JCK,0.38869411764705875
B09SL2BT2G,0.6346250000000001
B09FT4MJRM,0.30529375000000003
B01M1CS0RS,0.43757647058823534
B083QNQGJZ,0.39006874999999996
B01FSXO67Q,0.7564749999999999
B01LVUYWHZ,0.5540625
B07TYHQ81J,0.5900727272727273
B0B52NTWR5,0.3209066666666666
B0BT8Q25WC,0.2559393442622951
B07RG8PTP1,0.25357
B01FSXARX8,0.3819722222222222
B01NGYKB2W,0.31101999999999996
B0B149LQFY,-0.09078000000000001
B076HSGFV9,0.5131699999999999
B083Q96V87,0.55125625
B0766358ZQ,0.15874571428571427
B07N1W616C,0.3564631578947368
B0BHRWHHJV,0.7395860465116282
B0BJW4TLHY,0.42214
B07NS4TVJW,0.72026
B07RYR83D5,0.43058
B0BDHTTVM4,0.44196666666666673
B01N5WRNAQ,0.6194545454545455
B09ZJB912L,0.72892
B01LWSM0VP,0.6488375
B07PZYZW8H,0.46959999999999996
B096YQSJPH,0.43345600000000006
B01N4SL3OE,0.49792000000000003
B0B94JSKS7,0.21098947368421056
B01KB89Y0M,0.62575
B077H3DWR4,0.2708083333333333
B07HNPN9HP,0.9275333333333333
B098F7TT5S,0.25067534246575357
B09TG3B9LW,0.74078
B0B94Y94KY,0.49356829268292673
B01FGLZKIY,0.81988
B01J93IR8K,0.2279166666666667
B01CZ96CSM,0.5757888888888889
B0BZSXPL64,0.46701000000000004
B09VYJTM4S,0.6743571428571429
B01MZ8SHQD,0.5641666666666667
B07YJY92KV,0.45836
B0BCKTYDDV,0.40894736842105256
B0BMQTD14T,0.3299894736842106
B01LZ1TPC8,0.6196033333333334
B0181K3E9Y,0.410960606060606
B09T9YGQKM,0.2309882352941177
B07QFG5KZV,0.8004285714285714
B01591IOQG,0.7013285714285715
B07M7PFZXV,0.46928363636363624
B07JN5DPGC,0.6436307692307691
B01M0LWT98,0.2886193548387097
B075QKSCCG,0.12624
B01MSSMYZO,0.5626599999999999
B092SP22Y2,0.5434714285714286
B01D36RIJS,0.42767857142857146
B0755HW7N6,0.51485
B08SHX64Q2,0.6755111111111111
B015HVACEA,0.38012394366197183
B09W454Y7V,0.47312857142857145
B074R3JGFP,0.8106
B07PGQV9TH,0.5339833333333334
B0721LRYWZ,0.46662499999999996
B076136FYY,0.44952777777777786
B0C9V4J9ZT,0.6379375
B01LY8XR2S,0.57588
B01BNXRMEO,0.5518166666666666
B086JF5W1Q,0.5507117647058823
B09DCPZPQ5,0.1749409090909091
B01GIZFX3E,0.44266666666666665
B07BH69XN2,0.42516250000000005
B075DVLM7Z,0.49004999999999993
B0C3WLLT25,0.29192000000000007
B0B5VSDWL1,0.7145105263157895
B07KXB5ZYW,0.8749428571428572
B01NBSH86L,0.4996416666666667
B07HNR2X3G,0.4063533333333334
B077Q38WWX,0.45523863636363643
B0B5M3K9JS,0.5066
B01N0BZDB7,0.49641111111111097
B0BQ36KZH2,0.6719285714285714
B0BMB4QLZR,0.8855299999999999
B0189QUHSQ,0.68915
B07H5ZM488,0.3696588235294118
B0BY7BD1SX,0.5203294117647059
B01MXEFYXD,0.7333500000000001
B094HM8BH8,0.7790947368421053
B09989VTBF,0.6676666666666667
B0B6WPFB1G,0.41030000000000005
B0BDT6KFMV,0.2757
B0BDGTLM6Z,0.58215
B0BRYKZWP5,0.4120411764705883
B016QQ8NXM,0.46042352941176473
B07DYDSLMS,0.27718571428571426
B01CAWTVO6,0.3933636363636363
B0BYH82XDH,0.4753947368421052
B0BWDNTBLS,0.6948966666666667
B01CB0X6KC,0.9287
B018V0ZBI6,0.6228727272727274
B0BDNSV5CN,0.636675
B0186LSUCY,0.6848
B07NSFX5ZY,0.6960125
B07CXZ2GMW,0.5327636363636363
B015RRDRSC,0.36402999999999996
B0B71ZLFLV,0.24280000000000004
B0793GDZP3,0.3402478260869565
B01E2RF3U8,0.3051952380952381
B01H3SX242,0.23450000000000001
B01A6CXB2U,0.7671499999999999
B07P7MDJ7H,0.38582500000000003
B0B4GK78TZ,0.37040000000000006
B071DSFGPH,0.2718333333333333
B07NQN2C52,0.5429
B07NBYQ655,0.49583000000000005
B018OJP0OO,0.3347609756097562
B07K2M2YB7,0.35853999999999997
B07DFMYXCX,0.41407999999999995
B07C4PLJN3,0.08323076923076922
B0C7DLYPHR,0.247221875
B07QB28ZK6,0.2761391304347826
B0BLP9PS8L,0.37707500000000005
B0784YDTG6,0.6460166666666666
B09Q6JQVG1,0.768125
B097TTKQT6,0.5401
B0BFFT2CH2,0.48826875000000003
B07NZZ21MX,0.6537115384615384
B01FUGROEI,0.3112588235294118
B01NAPAO2U,0.5410060606060604
B019YMEXWK,0.6536666666666667
B07FY3DV6J,0.32584705882352943
B07FR7WRSB,0.37038125000000005
B01M4KL88J,0.32861999999999997
B015PGNHJY,0.4487684210526316
B07GX56Q3J,0.4585000000000001
B01B12PFZA,0.6716142857142857
B075FB29S1,0.5440272727272727
B07PLM88F7,0.5167377777777779
B0BGF9ZN47,0.3153100000000001
B093TSQPMM,0.5314333333333333
B0854C74GD,0.3994789473684211
B01CGT04R6,0.24516666666666667
B07K2BBDPY,0.6608571428571428
B08GJMXC86,0.6189090909090909
B08WRDPKS8,0.14346666666666663
B07KZSTP76,0.26513333333333333
B015S56HBM,0.310525
B01C7YOZF2,0.79005
B01E6BS4NI,0.4179999999999999
B078C91L97,0.4499352941176471
B015G8KYQA,0.24724615384615387
B07C7WHLDY,0.5481250000000001
B0C7PJ1NQF,0.40825384615384613
B09WJLP3RP,0.4915285714285714
B08TR2WMDS,0.55864
B07TXRKHVS,0.31304444444444446
B07MCWCS1S,0.6222166666666668
B01HWVVZMG,0.33113333333333334
B095WF33F8,0.887257142857143
B07ZRQYK5J,0.6548444444444446
B07QM17DGW,0.4012249999999999
B06WRX4232,0.6802499999999999
B0BZCYRMC1,0.30799393939393943
B0BG8SN8P2,0.8013
B0C5BHJJQC,0.40087500000000004
B01N2WPAN8,0.6566833333333334
B015V2I9HM,0.7739750000000001
B07MQJKYXC,0.5353608695652173
B0769D3SGS,0.63038
B078SCJMRH,0.587975
B0BZ447XNN,0.5304363636363637
B0C57BFL33,0.4974333333333332
B07R3R8PGJ,0.5158272727272727
B01LZZRPH8,0.36556
B07C1P3MXJ,0.4675294117647059
B07R66GKYX,0.65436
B09G5ZFVVK,0.35733076923076923
B08LBST79W,0.5775333333333333
B0814ZXL7W,0.6722428571428571
B0927XJMRJ,0.24265833333333334
B09256G79R,0.5440904761904762
B0863G9D2Q,0.4560777777777778
B01FWXJ0KU,0.55635
B07DD7XKX5,0.48706000000000005
B018GN3JYQ,0.41469999999999996
B075PN9W7P,0.45879999999999993
B016RDKEAO,0.012149999999999994
B07FQSB654,0.4854700000000001
B0B11LN215,0.35770833333333335
B07G3KDG41,0.5548333333333334
B0764TXP7H,0.6065437499999999
B07GTRCQ14,0.8293222222222221
B07G21CQJQ,0.6486749999999999
B0BWPFJ4LW,0.5011571428571429
B09DFQ985K,0.6996615384615386
B01NAYBY1S,0.43757999999999997
B0B535VS6C,0.28490000000000004
B01NBRUJ8L,0.4897407407407407
B0178HXZUY,0.5158874999999999
B095J1B3HJ,0.2181526315789474
B096KWXXJJ,0.5766272727272729
B01NCIY5E9,0.3459428571428571
B0764NV98B,0.284675
B01MQHSW5Z,0.4103705882352941
B07B2KZY7R,0.38335454545454545
B016DA25DA,0.784475
B01F07MO10,0.4660428571428571
B07S4D24T1,0.7974222222222223
B09K4Z3H5N,0.33708947368421055
B07R58QKV5,0.6088833333333333
B01J8XXX6W,0.44721428571428573
B081CN7H4C,0.44488000000000005
B078QVK2V7,0.48888750000000003
B016J9LULI,0.6881
B01M119YRH,0.5081249999999999
B084PZBSMC,0.682975
B07ZMM1XGT,0.2128
B0BGY2RSTB,0.49314285714285705
B081XYXV5X,0.24285000000000004
B07FFBSJWQ,0.5403375
B07QZWXSFF,0.318635294117647
B0BCPGYW1L,0.28784324324324323
B093XQLHXS,0.4367473684210525
B07DFL6DQ5,0.5541794117647059
B07H2MN73W,0.3244380952380952
B0784YB7F5,0.3036166666666667
B075S8QZDF,0.6327
B0181KQFU4,0.5210199999999999
B0BDNM9FD8,0.3357428571428572
B08JJD5D4Z,0.6861149999999999
B0838KH7NZ,0.87425
B01BFMLVI6,0.39212272727272723
B015RR6NI8,0.532625
B07V5P6WHK,0.82074
B09VJHZCBW,0.48738750000000003
B015N9RAFA,0.15448235294117646
B09TSHG1Q4,0.3191636363636363
B08GPJ1MSN,0.3247921052631579
B019YZV3K2,0.30498333333333333
B07B3RGWR1,0.40036000000000005
B09TDLNX57,0.67206
B07DCB1Y9V,0.6456857142857143
B09LGBJP9X,0.6361636363636364
B091KH6B4X,0.18263684210526315
B0B4ZSS22X,0.5660769230769231
B082NZF9TL,0.8469166666666667
B07SQM4RWX,0.6486
B073X7NF8N,0.7047333333333333
B01NAO2NFU,0.8077714285714286
B09H23XYB3,0.3905363636363636
B0B8YYS6G2,0.7316636363636365
B0BTTZ7YY5,0.46009999999999995
B094K386M5,0.36565000000000003
B073NT71GQ,0.32095714285714283
B075TJMZPG,0.41714285714285715
B0711KZCS4,0.43599999999999994
B015RLS71A,0.4670333333333334
B01MAUMB6N,0.5439571428571429
B07D2KZQW7,0.8475000000000001
B078YBJK7F,0.7103642857142856
B08ZM9RD8Q,0.2711181818181818
B017BTPW64,0.7470600000000001
B015X3LY26,0.2772800000000001
B01BAXK2P8,0.35880999999999996
B018RXP4M0,0.4395707317073169
B094DC2LMF,0.5801700000000001
B096YQLZZQ,0.13574117647058825
B01MSL02O8,0.6025000000000001
B075ZCDYXR,0.5326500000000001
B0C2W1HSD9,0.6329125
B07MQBZHRZ,0.21368064516129034
B09WJWKLK4,0.5271222222222223
B01N1IBPVT,0.4486769230769231
B0C6QYHTD5,0.43860000000000005
B081YNNGDH,0.2722888888888889
B0BGMJQ4MZ,0.4587384615384616
B0BMZ3B3KS,0.5684173913043479
B075FJB3LG,0.58762
B079398J66,0.7479649999999999
B01I7F27BY,0.37898888888888893
B07XM95SBX,0.37586666666666674
B07QS5GFJG,0.5199818181818183
B076W4K6B7,0.5451
B07MT5NF75,0.5706222222222221
B07J1QXTPW,0.6752333333333334
B07D4RJ36F,0.3264411764705882
B017NPSLSW,0.28863333333333335
B01M0YF88S,0.03305555555555556
B01JD3H124,0.5301571428571429
B01AIG01CW,0.52435
B071G7958X,0.5027818181818181
B092YMMQVJ,0.542523076923077
B01G79R5T6,0.46323333333333333
B073WN95QX,0.5225777777777778
B07C2JFBSW,0.5020384615384615
B07D7GYBGS,0.32661999999999997
B0BCH164R4,0.5738555555555556
B0722XXK98,0.4639375
B019WMGQ90,0.4110466666666666
B06XTKN1CR,0.4492578947368421
B08LDTH5B4,0.21695161290322582
B01MRUXCPZ,0.787925
B07GTSVR6M,0.440125
B07RPSHMTR,0.7998285714285714
B09G3MFZ1V,0.3854
B089FPTT8X,0.16072173913043478
B0B49TY8WY,0.4611269230769231
B07MFC9K53,0.5921571428571429
B0BHF53LTN,0.49908205128205113
B07YYL123H,0.1902763157894737
B019MBWYUG,0.8832
B016FS33MC,0.4338666666666666
B017PR1SAQ,0.6080428571428571
B09MPN5L9L,0.5165571428571429
B01DPVQ130,0.36957142857142855
B07VC57ML4,0.25745
B01HDZLJKO,0.728025
B0989HKFCJ,0.3650851851851852
B06WVN696L,0.5401277777777777
B079WF3P81,0.5600666666666666
B07WVS5188,0.7311333333333333
B0BWK9NBNT,0.50448
B07GL4T7GF,0.5124249999999999
B0776JVRLZ,0.38588260869565216
B085G6276D,0.20470434782608699
B09GKZKK4N,0.2673142857142857
B01K5P7E3K,0.6389600000000001
B075KPRY81,0.0883785714285714
B07GBBBQDD,0.5882999999999999
B07351BQ46,0.864625
B017WO8BAC,0.6914416666666668
B0BJL96S2B,0.31598571428571426
B071F1QHJ4,0.5329761904761904
B093C4HYBJ,0.5853818181818181
B08194CLHM,0.5691333333333334
B07R7S3XV1,0.14773636363636367
B07FW5HXNJ,0.2336636363636364
B09B248WP3,0.55051
B078F9NFNZ,0.48791249999999997
B07NPYGTDQ,0.4939
B016FXMENQ,0.36007000000000006
B073ZKM5ZY,0.5025250000000001
B0855GMD9K,0.7797
B085DM6MQR,0.7973714285714287
B07CY6D91W,0.7637499999999999
B0768W7G38,0.35559166666666675
B07GNW91GS,0.3761954545454545
B074F2DH7C,0.41646666666666676
B0BRNT2GVP,0.7159333333333334
B085MCR88N,0.37670769230769224
B07GWWHGK4,0.6258411764705882
B07FTS3PHP,0.69355
B096N8CFFT,0.5395599999999999
B076566WZP,0.4476066666666666
B0791M2RNM,0.4171607142857142
B076XLBY6C,0.2021888888888889
B0C6FBKC3R,0.3159486338797812
B01MYT1C6H,0.628825
B0183YJ532,0.4144142857142858
B016E3S36Y,0.49984
B094MSX6ZQ,0.5355833333333333
B017AEKG34,0.35706250000000006
B0B6YT27N7,0.6153000000000001
B0841B7GFK,0.6998000000000001
B07LGMZST5,0.3975181818181818
B09QRB831L,0.25522500000000004
B07BJ91YJJ,0.2353125
B01MTU48BQ,0.73248
B07141YQ33,0.64578
B01LY9INMD,0.5783937499999999
B0BHDJ1B1Q,0.3540526315789474
B09HJNWGL4,0.6157750000000001
B07KCMCZBC,0.5299
B01H127KCK,0.30826428571428577
B09SK51G87,0.5972899999999999
B09FKQ936M,0.44854615384615387
B07MVK66FN,0.05762727272727272
B09MD1YGTX,0.38310000000000005
B078P47S33,0.920825
B07QD29M5C,0.2853111111111111
B0BY8CSVK2,0.7297692307692306
B09GRVQWRV,0.23011666666666666
B07N1WT921,0.4626888888888889
B07LDSS77M,0.5712857142857143
B01AIISZZK,0.7401142857142856
B09PZZQRKK,0.41346923076923076
B0BLFBQRYM,0.6328600000000001
B0162EKPOI,0.4477366666666667
B07T3HPL92,0.4363950000000001
B08YJQ42L4,0.40094210526315793
B07JMJNKMR,0.49306250000000007
B017WY86Y8,0.7624285714285716
B0BB7J7PGC,0.3272923076923077
B08L89RBZF,0.73005
B071K885MG,0.51535
B01CKZAMRS,0.3713916666666666
B07NBJK8YG,0.342096
B08DN2TPBG,0.738
B08NCDW18Q,0.20544444444444446
B0BHJMLN2M,0.40672500000000006
B0C579H3HP,0.546561111111111
B09GWBHQ5K,0.6519499999999998
B07D7GGP4X,0.42390000000000005
B01N11M5MM,0.38854285714285713
B01CTHXR6K,0.339845
B01M68Q05Z,0.59895
B07YM2CTVD,0.9117
B0BMF8PCFX,0.5492684210526316
B01FEOE9P8,0.4480583333333334
B07CQL9MVM,0.45566875
B07Q6J85M7,0.5293571428571429
B016Z2XYT0,0.37067272727272726
B0727V476C,0.29955
B07H68CQJM,0.6255
B07VB4T42L,0.641175
B0BNDBVDDZ,0.68437
B0919Z4P3L,0.2262769230769231
B0BTYGY9W6,0.590581081081081
B082VZW6JS,0.55512
B07VH5NZFK,0.42250000000000004
B01AWPJFRG,0.33804285714285714
B015GUWFDI,0.5411124999999999
B077JBJG8J,0.46653333333333336
B0C4VWNDMT,0.30724814814814816
B01AINAM24,0.5740375
B0181GFAKE,0.4623052631578948
B07H5Y85LV,0.3759666666666666
B01N6MSCGP,0.768825
B084KPFVD6,0.42200000000000004
B015GT60BM,0.31079999999999997
B01N6YKJ8O,0.3047333333333333
B0B416FBKK,0.8792
B0BRNS7JVZ,0.36997499999999994
B07QGZJKSS,0.731175
B07CYYX3P7,0.404175
B0B3DDKNRT,0.20315434782608702
B07BFQVGJ4,0.828675
B08K3SWQPW,0.8607333333333335
B077T999VG,0.81265
B06XDN9Y7B,0.7345428571428572
B07CZ7XRGY,0.24247500000000002
B0728HTN9N,0.7119833333333334
B07M9CF566,0.506
B079QMXTLF,0.37907857142857143
B07TXBZHRH,0.27426
B0716H9SBL,0.22389
B08X7DCY6X,0.18830625
B01B41LLLU,0.7065142857142857
B084BPG8WG,0.47069999999999995
B07T2F81ZN,0.5778666666666666
B07DW47W6C,0.7746
B015QK6IVS,0.2235
B075TQNK1Q,0.6161500000000001
B07CZYGF9T,0.496225
B0BYPFQH7V,0.4387833333333333
B08WK3Z9Y6,0.5828400000000001
B0168P1B8U,0.54345
B01DB9BFAK,0.7051
B01MYNV5HY,0.2382666666666667
B09273164F,0.60885
B09HJW513M,0.7736000000000001
B07H5DWSKL,0.35961
B08ML5DBT4,0.91055
B07YXGWG64,0.7536400000000001
B0777CWJ2N,0.7366285714285714
B07CR2X7KH,0.825475
B07ZRWZ71H,0.7303894736842106
B0C6Y7RV2C,0.6850125
B01FIRFSMO,0.5049666666666667
B09VGW916L,0.2864928571428571
B0BR8WJ5LR,0.4369333333333334
B09231HQ94,0.6802199999999999
B01HSBGBPG,0.4580379310344828
B08W7RQHVW,0.3991
B01CZKFNR2,0.33941025641025635
B0791TWSCF,0.2678333333333333
B07NZYB5Z6,0.4320736842105262
B019BG7Y84,0.35245714285714286
B075ZBH2JF,0.49182
B09M58F5J8,0.3449166666666666
B019Q5LMFG,0.5253368421052632
B073WKWDCZ,0.3323823529411765
B0C9FQJS34,0.411
B0BMQVWXCB,0.44728666666666667
B09SP272H8,0.3806249999999999
B071Y38BWV,0.2107391304347826
B073SBTJS8,0.6183799999999999
B0BK7KFJDY,0.334608
B08WY8CWVM,0.58085
B0721V9WYH,0.5127
B08W3WZ6FP,0.5109583333333333
B074MNZ3FJ,0.7216714285714285
B01LZPE70U,0.41631818181818175
B0BGCQ47ZC,0.534575
B0BGL28CL4,0.5024600000000001
B09PHG37LV,0.5384416666666665
B07WT4T1CR,0.33152000000000004
B07WV3W1Y9,0.0
B07C59HHQP,0.19965833333333335
B079R8BSKL,0.48136
B07L2BNNQB,0.37607826086956525
B096YMNF5Q,0.4152647058823529
B017QKN120,0.34276111111111107
B07B9YCNRD,0.44272
B0BGD3H7YG,0.5287600000000001
B017FSO7X0,0.6980833333333334
B0C13MY1NX,0.5934222222222223
B01CTT9BMM,0.2779333333333333
B01GH98CFC,0.5775583333333334
B093479536,0.3641142857142858
B015YFOZCE,0.5412185185185185
B01BN5JKYM,0.77275
B017WXUH0A,0.6835666666666667
B07JJ46TVT,0.4058363636363636
B0719RJ3XY,0.59931
B0BPR4PFZ5,0.41603157894736836
B0B41BDG5S,0.7925272727272727
B08HDKFX5N,0.48648888888888897
B01M9AOFJ8,0.5508571428571429
B08JHK4VTZ,0.4055363636363636
B0769JYKKS,0.59508
B0161W734G,0.7317
B071VCMQ4P,0.45974000000000004
B07WRPGLZ9,0.4159173913043479
B073Z3V5TX,0.6837333333333334
B0B8TMZGFC,0.10816363636363636
B015X37PZG,0.5194
B07FL79Q1M,0.222475
B07MVV5FG2,0.7285285714285715
B0BLF52874,0.6672833333333333
B015X3F4AE,0.30713333333333337
B08Q4KKY85,0.15648095238095236
B074YN5MZS,0.44898214285714294
B078C87ND9,0.37178750000000005
B088D6913W,0.5284923076923077
B0BW48X8ZX,0.5058818181818182
B07KFF1M6L,0.32689090909090907
B07KJ5FWMQ,0.43017500000000003
B0BRNS5H1W,0.06922000000000002
B078ZPZFQG,0.75115
B07JMF8RXQ,0.45718749999999997
B09RX3HSQZ,0.459416129032258
B07MBBRGVN,0.5747142857142858
B018RKPZ86,0.45355
B018ZLQ14O,0.4158285714285714
B0817T9MYY,0.336476923076923
B096L6MCBL,0.5130714285714286
B07BHXFNJ4,0.7953125000000001
B0B6TCCQT3,0.49678461538461527
B0BDHMR2VY,0.5253555555555557
B01M6YP6NN,0.5648666666666667
B09HV8DVY1,0.3047785714285714
B08X7HRZVY,0.312
B09T2QM17R,0.32068750000000007
B09GJMJ3Y8,0.5377375
B07NMV4R32,0.5605444444444445
B07GX7RN7D,0.54812
B09R5RY8G9,0.5914142857142857
B08QDYLG32,0.2888
B0BYF58YTC,0.3390916666666666
B09V29RT1T,0.5383
B093C8C4J2,-0.03849411764705883
B01MZAT0UY,0.840125
B0BH8X3XVJ,0.4818935483870968
B07SWS8TLJ,0.3257090909090909
B07K1L8JDV,0.5715714285714285
B095CBCHVS,0.049382
B0BSFHHK5R,0.556069230769231
B085MZCRV9,0.39531875
B07Q395L21,0.41845
B01MF9BKHD,0.7100142857142858
B074CFZ4MZ,0.4404
B0C62F7P6R,0.47644000000000003
B09SZPSTVS,0.4597142857142857
B09BR9DTBR,0.4277555555555556
B01E1JXP6Q,0.3804666666666667
B0BPN216CP,0.26535
B016061P06,0.44873611111111117
B07JYQZN75,0.59014
B0BFG48PDQ,0.48036
B01HVZKE5C,0.7472199999999999
B01KSM2OVW,0.5537272727272727
B07J471ZPZ,0.8967499999999999
B0BTWZQH9M,0.19424705882352944
B07DW9MDBJ,0.38624374999999994
B07TB3NS4L,0.6119090909090908
B0B7X8TMR5,0.6425461538461538
B015G7XFSK,0.42125000000000007
B0728HTFRR,0.6050615384615384
B07H5SQ4NB,0.32771111111111106
B07YQD28T8,0.13456666666666667
B08SYM2DCB,0.54718
B07K3WDMGJ,0.40227
B07QMFG3T1,0.3320625
B09C2N4SCS,0.48427826086956516
B072MMTN69,0.34129999999999994
B07Y27W95V,0.34514999999999996
B08V3449H8,0.38086842105263163
B09D9Z3ZPZ,0.09193333333333333
B0763K2Z6L,0.39559375
B07H5V1X5N,0.5991200000000001
B096RJ6B5K,0.52328
B083V78HC1,0.5215333333333333
B07QP9GPNF,0.3727064516129032
B09RTYQFGJ,0.2214304347826087
B087HND377,0.08050769230769231
B0C2QMHY2G,0.3921214285714285
B01EY67OKE,0.5311333333333333
B016YTZU9G,0.543970588235294
B08MTB8PVV,0.29178787878787876
B0BN498265,0.2629142857142857
B07RPJN5DT,0.30755999999999994
B077THY5LB,0.6417625
B0B2WWS387,0.6881999999999999
B09MG1S9NB,0.3218166666666666
B0769GQ73Q,0.6518666666666666
B01AEUYJ2A,-0.06940000000000004
B08P56L5KH,0.28787058823529416
B07Q8G46CV,0.3212913043478261
B07MHW2X3C,0.38659375000000007
B083D6TS21,0.8533
B07MMZ27QY,0.10212500000000001
B0B729RQWS,0.830925
B0BL87H3Y3,0.6906
B017X5AL9O,0.28773333333333334
B07QLWFJ6T,0.31805714285714287
B07V37D7YK,0.23064375
B0C5DFSYYY,0.3120681818181818
B0BYPCM8KS,0.35206470588235306
B07CP1SC1Q,0.3839666666666667
B01I45B88U,0.4989666666666667
B0B1F6282Y,0.3982800000000001
B08YHGSXXK,0.3397695652173913
B0BL3YGDLV,0.24588750000000004
B07VVHK4ZY,0.6729272727272727
B0BL84F51L,0.2384347826086957
B07CSM6XDW,0.7717499999999999
B0BG65TKVX,0.22268181818181818
B01MXUER0R,0.17453333333333332
B07DLN1HRF,0.492375
B07SKB124R,0.4917875
B07V39BQTL,0.1588666666666667
B01I0W2Y3U,0.4013333333333333
B01G29F4LM,0.3412692307692308
B0B318WZYH,0.06761666666666666
B0C11VH543,0.3967428571428572
B07KCNDVXZ,0.5914625
B0BFX4PVYV,0.23749310344827587
B06XSK62ZQ,0.2280777777777778
B01M7NNMN7,0.1524666666666667
B0BPJV8V52,0.27526666666666666
B07QCJGXKK,0.359
B0781TVHWJ,0.30261333333333335
B0BZ6FMKZB,0.6754625
B079VR11WQ,0.43434999999999996
B018WKUV0I,0.45509999999999995
B01N6UFD53,0.30946250000000003
B07GLCF11X,0.48630000000000007
B07D2ZVZYZ,0.49513749999999995
B0933H59HK,0.2649068965517242
B076QJJ2DY,0.5145733333333333
B0BYT3MPJH,0.4932307692307693
B079TFQ2HZ,0.56143
B08Z3QQNG7,0.2707342105263158
B079RM38S2,0.23188333333333333
B01DTE5IE6,0.8673
B079HYW2RM,0.37204090909090914
B08HPQHQ98,0.39176769230769215
B01ECXX3B8,0.5029857142857144
B08N1LXS7D,0.32021000000000005
B06VVJ35JK,0.44798636363636357
B0BF59FVTV,0.4919692307692307
B08NCZ7P8J,0.29843600000000003
B07Q9YNN3P,0.1221774193548387
B09F3H1SQT,0.3014233333333334
B09K4M3Z1K,0.3836714285714286
B0C5B4JLRW,0.14441250000000003
B083QR47NK,0.5800937500000001
B09M2VY4VG,0.40865
B07PSDHPRB,0.31096
B0C77LWVPP,0.39520909090909095
B078C4TD6W,0.030125000000000006
B095VCFNTH,0.36506363636363637
B017ZF9N5A,0.41885454545454553
B07226KPGY,0.26500476190476185
B07Z9M6D37,0.11915
B01MQH30HY,0.02776666666666667
B077QKRMG6,0.09544705882352943
B019GZ4M4Y,0.28498749999999995
B0BXGV2HHX,0.18509583333333332
B016B0O0F8,0.17841
B0881C32XY,0.1716
B07T3G6XY8,0.4580285714285714
B07WD1KH5X,0.2850764705882353
B01EU1ATDW,0.2331714285714286
B0B6HS1QPP,0.2768615384615385
B09QD4ZXN3,0.035049999999999984
B015LAWJRA,0.35008124999999995
B09V54SYD6,0.4859567567567568
B072BJ5R19,0.3723619047619048
B07F3F8ZGV,0.39478666666666656
B01LWEHWHA,0.4917923076923077
B0B38NQ3VR,0.42545000000000005
B07KK1HMCT,0.42331176470588233
B08Y8T5WCF,0.3915518518518519
B072JV5MCS,0.28464117647058823
B07TKP89GK,0.1703181818181818
B07CTB2P4G,0.35397999999999996
B0B93C63VB,0.3290142857142857
B06Y2FZW14,0.55795
B01NCWITII,0.2055
B08N6HG3HD,0.266475
B017609A3E,0.20987999999999996
B09ZT6Q5WX,0.4542615384615385
B08W88VL3M,0.10469999999999997
B09YNHMTCV,0.26114444444444446
B07CBHTCLB,0.35728888888888893
B09LCNQX9J,0.38994999999999996
B07YF2282D,0.5437000000000001
B074G4VHQ5,0.3142555555555555
B07RV67FFM,0.26898947368421056
B01DZQC5U8,0.535675
B08HDQMHFB,0.09377333333333333
B09ZTXYYDB,0.50065
B09V82KSXF,0.5207588235294117
B0761HGH8L,0.05183333333333334
B09PB6Y8HR,0.43510769230769236
B0933GS1V6,0.2975
B07JPYJFB6,0.1617
B098HG1MLP,0.3963625
B076GFXWZJ,0.4995200000000001
B0BLCZKFYZ,0.4009916666666667
B017V6DS2M,0.42860000000000004
B08JCNTLJ2,0.371925
B015PCYC1A,0.3058181818181818
B016BBKE84,0.4877052631578948
B0BK6SQ4B8,0.5222058823529413
B0BVBRFMLH,0.61725
B09HV9ZGDB,0.45053846153846155
B07HDDJKFB,0.36615499999999995
B01AYWT54A,0.232875
B079Q963D1,0.51695
B0BLYZYG8N,0.41651666666666665
B01MR74VXZ,0.19618750000000001
B01MRGONQF,-0.165
B07GDXS2RN,0.6993
B0722MSTQP,0.48045
B0B1QDTJZ9,0.37467500000000004
B01JDVBWYY,0.5871249999999999
B0C2T7RRF2,0.8366999999999999
B018TELKL6,0.5482666666666667
B0BVBB57K1,0.694188888888889
B0CB9NSN82,0.4441166666666667
B07DH2J686,0.69095
B01MPVZ4YP,0.5589000000000001
B07F3MZKMQ,-0.06783333333333334
B07JZD2W3X,0.38939999999999997
B07H4XC817,0.37132500000000007
B016LUCQYK,0.5547166666666666
B01AW0V3NK,0.6265999999999999
B01I8XISM2,0.5123333333333333
B092MMXPMW,0.2294
B088FYNXYB,0.28099999999999997
B01EMAFZBW,0.488925
B0829884XR,0.42957999999999996
B01NAQU14K,0.6745
B09RKS6PJN,0.5404749999999999
B01BIIJ616,0.5759
B074D5N28J,0.7981000000000001
B0BNCFRD8F,0.70055
B0BVBXGTWM,0.86285
B0BH9F6JXC,0.8271
B08B5LWL74,0.67215
B0BJQBQZSG,0.2202
B078DZQ8PP,0.7056
B084KKY1NG,0.4404
